/* EMPLOYEE TABLE CREATION*/
CREATE TABLE EMPLOYEE_T
(
    EMPLOYEE_ID VARCHAR(15) NOT NULL,
    EMPLOYEE_FIRST_NAME VARCHAR(20) NOT NULL,
    EMPLOYEE_LAST_NAME VARCHAR(20) NOT NULL,
    EMPLOYEE_STREET VARCHAR(30),
    EMPLOYEE_CITY VARCHAR(20),
    EMPLOYEE_STATE VARCHAR(10),
    EMPLOYEE_ZIP VARCHAR(10),
    EMPLOYEE_PHONE VARCHAR(20),
    EMPLOYEE_SSN VARCHAR(15) NOT NULL,
    EMPLOYEE_POSITION VARCHAR(20) CHECK (EMPLOYEE_POSITION IN ('Wine Maker','Grape Farmer','Clerk','Account Assistant')),
    EMPLOYEE_SUPERVISOR VARCHAR(30) CHECK (EMPLOYEE_SUPERVISOR IN ('Brian Barry','Julia Kennedy','Thomas Vogel','Christina Buckheit','Peter Hartzel','Thomas Mackie')),
    CONSTRAINT EMPLOYEE_T_PK PRIMARY KEY(EMPLOYEE_ID)
);

/* INSERTING DATA INTO THE EMPLOYEE TABLE*/

INSERT INTO EMPLOYEE_T (EMPLOYEE_ID, EMPLOYEE_FIRST_NAME, EMPLOYEE_LAST_NAME, EMPLOYEE_STREET, EMPLOYEE_CITY, EMPLOYEE_STATE, EMPLOYEE_ZIP, EMPLOYEE_PHONE, EMPLOYEE_SSN, EMPLOYEE_POSITION, EMPLOYEE_SUPERVISOR) VALUES('EM100','Joseph','Johnson','125 East St',' Callistoga','CA','2026','203-555-2100','025-65-7862','Wine Maker','Brian Barry');

SELECT * FROM EMPLOYEE_T ORDER BY EMPLOYEE_ID ASC;

INSERT INTO EMPLOYEE_T (EMPLOYEE_ID, EMPLOYEE_FIRST_NAME, EMPLOYEE_LAST_NAME, EMPLOYEE_STREET, EMPLOYEE_CITY, EMPLOYEE_STATE, EMPLOYEE_ZIP, EMPLOYEE_PHONE, EMPLOYEE_SSN, EMPLOYEE_POSITION, EMPLOYEE_SUPERVISOR) VALUES('EM110','Susan','Simmons','75 CAin St','  Oakville','CA','2451','203-555-2110','361-45-7841','Wine Maker','Brian Barry');
INSERT INTO EMPLOYEE_T (EMPLOYEE_ID, EMPLOYEE_FIRST_NAME, EMPLOYEE_LAST_NAME, EMPLOYEE_STREET, EMPLOYEE_CITY, EMPLOYEE_STATE, EMPLOYEE_ZIP, EMPLOYEE_PHONE, EMPLOYEE_SSN, EMPLOYEE_POSITION, EMPLOYEE_SUPERVISOR) VALUES('EM120','Nancy','Walsh','335 Thatcher St','   Westwood','CA','2090','203-555-2120','112-25-4587','Wine Maker','Brian Barry');
INSERT INTO EMPLOYEE_T (EMPLOYEE_ID, EMPLOYEE_FIRST_NAME, EMPLOYEE_LAST_NAME, EMPLOYEE_STREET, EMPLOYEE_CITY, EMPLOYEE_STATE, EMPLOYEE_ZIP, EMPLOYEE_PHONE, EMPLOYEE_SSN, EMPLOYEE_POSITION, EMPLOYEE_SUPERVISOR) VALUES('EM130','Michael','Clinton','313 Highland Ave',' Somerville','CA','2180','203-555-2130','004-45-7821','Wine Maker','Brian Barry');
INSERT INTO EMPLOYEE_T (EMPLOYEE_ID, EMPLOYEE_FIRST_NAME, EMPLOYEE_LAST_NAME, EMPLOYEE_STREET, EMPLOYEE_CITY, EMPLOYEE_STATE, EMPLOYEE_ZIP, EMPLOYEE_PHONE, EMPLOYEE_SSN, EMPLOYEE_POSITION, EMPLOYEE_SUPERVISOR) VALUES('EM200','Brian','Barry','40 Coolidge St','  Angwin','CA','2446','203-555-2200','138-45-9862','Grape Farmer','Julia Kennedy');
INSERT INTO EMPLOYEE_T (EMPLOYEE_ID, EMPLOYEE_FIRST_NAME, EMPLOYEE_LAST_NAME, EMPLOYEE_STREET, EMPLOYEE_CITY, EMPLOYEE_STATE, EMPLOYEE_ZIP, EMPLOYEE_PHONE, EMPLOYEE_SSN, EMPLOYEE_POSITION, EMPLOYEE_SUPERVISOR) VALUES('EM210','Julia','Kennedy','32 Summit Ave', 'Angwin','CA','2446','203-555-2210','201-45-7854','Grape Farmer','Julia Kennedy');
INSERT INTO EMPLOYEE_T (EMPLOYEE_ID, EMPLOYEE_FIRST_NAME, EMPLOYEE_LAST_NAME, EMPLOYEE_STREET, EMPLOYEE_CITY, EMPLOYEE_STATE, EMPLOYEE_ZIP, EMPLOYEE_PHONE, EMPLOYEE_SSN, EMPLOYEE_POSITION, EMPLOYEE_SUPERVISOR) VALUES('EM220','Thomas','Vogel','543 Elm St','Carlboro','CA','2432','203-555-2220','012-34-5678','Grape Farmer','Julia Kennedy');
INSERT INTO EMPLOYEE_T (EMPLOYEE_ID, EMPLOYEE_FIRST_NAME, EMPLOYEE_LAST_NAME, EMPLOYEE_STREET, EMPLOYEE_CITY, EMPLOYEE_STATE, EMPLOYEE_ZIP, EMPLOYEE_PHONE, EMPLOYEE_SSN, EMPLOYEE_POSITION, EMPLOYEE_SUPERVISOR) VALUES('EM230','Jonathon','Kraft','29 State St','Foxboro','CA','2283','203-555-2230','198-45-7825','Grape Farmer','Julia Kennedy');
INSERT INTO EMPLOYEE_T (EMPLOYEE_ID, EMPLOYEE_FIRST_NAME, EMPLOYEE_LAST_NAME, EMPLOYEE_STREET, EMPLOYEE_CITY, EMPLOYEE_STATE, EMPLOYEE_ZIP, EMPLOYEE_PHONE, EMPLOYEE_SSN, EMPLOYEE_POSITION, EMPLOYEE_SUPERVISOR) VALUES('EM300','Daniel','Furlani','132 St. HelenaRd','Rutherford','CA','2231','203-555-2300','186-08-1687','Wine Maker','Thomas Vogel');
INSERT INTO EMPLOYEE_T (EMPLOYEE_ID, EMPLOYEE_FIRST_NAME, EMPLOYEE_LAST_NAME, EMPLOYEE_STREET, EMPLOYEE_CITY, EMPLOYEE_STATE, EMPLOYEE_ZIP, EMPLOYEE_PHONE, EMPLOYEE_SSN, EMPLOYEE_POSITION, EMPLOYEE_SUPERVISOR) VALUES('EM310','Bruce','Doscher','140 Lincoln St','Stow','CA','2045','203-555-2310','018-45-6810','Wine Maker','Thomas Vogel');
INSERT INTO EMPLOYEE_T (EMPLOYEE_ID, EMPLOYEE_FIRST_NAME, EMPLOYEE_LAST_NAME, EMPLOYEE_STREET, EMPLOYEE_CITY, EMPLOYEE_STATE, EMPLOYEE_ZIP, EMPLOYEE_PHONE, EMPLOYEE_SSN, EMPLOYEE_POSITION, EMPLOYEE_SUPERVISOR) VALUES('EM320','Vincent','Miller','129 South St','Wilmington','CA','2227','203-555-2320','108-98-7777','Wine Maker','Thomas Vogel');
INSERT INTO EMPLOYEE_T (EMPLOYEE_ID, EMPLOYEE_FIRST_NAME, EMPLOYEE_LAST_NAME, EMPLOYEE_STREET, EMPLOYEE_CITY, EMPLOYEE_STATE, EMPLOYEE_ZIP, EMPLOYEE_PHONE, EMPLOYEE_SSN, EMPLOYEE_POSITION, EMPLOYEE_SUPERVISOR) VALUES('EM330','Catherine','Louzonis','14 Park Place','Worcestor','CA','2345','203-555-2330','04-89-4532','Wine Maker','Thomas Vogel');
INSERT INTO EMPLOYEE_T (EMPLOYEE_ID, EMPLOYEE_FIRST_NAME, EMPLOYEE_LAST_NAME, EMPLOYEE_STREET, EMPLOYEE_CITY, EMPLOYEE_STATE, EMPLOYEE_ZIP, EMPLOYEE_PHONE, EMPLOYEE_SSN, EMPLOYEE_POSITION, EMPLOYEE_SUPERVISOR) VALUES('EM340','Robert','Germain','1234 Beacon St','Boston','CA','2013','203-555-2340','092-63-7801','Wine Maker','Thomas Vogel');
INSERT INTO EMPLOYEE_T (EMPLOYEE_ID, EMPLOYEE_FIRST_NAME, EMPLOYEE_LAST_NAME, EMPLOYEE_STREET, EMPLOYEE_CITY, EMPLOYEE_STATE, EMPLOYEE_ZIP, EMPLOYEE_PHONE, EMPLOYEE_SSN, EMPLOYEE_POSITION, EMPLOYEE_SUPERVISOR) VALUES('EM350','Brian','Downey','66 Riverdale St','Methuen','CA','2178','203-555-2350','008-32-3334','Grape Farmer','Julia Kennedy');
INSERT INTO EMPLOYEE_T (EMPLOYEE_ID, EMPLOYEE_FIRST_NAME, EMPLOYEE_LAST_NAME, EMPLOYEE_STREET, EMPLOYEE_CITY, EMPLOYEE_STATE, EMPLOYEE_ZIP, EMPLOYEE_PHONE, EMPLOYEE_SSN, EMPLOYEE_POSITION, EMPLOYEE_SUPERVISOR) VALUES('EM360','Kelley','Baim','174 Moody St','Oakville','CA','2451','203-555-2360','323-21-8721','Grape Farmer','Christina Buckheit');
INSERT INTO EMPLOYEE_T (EMPLOYEE_ID, EMPLOYEE_FIRST_NAME, EMPLOYEE_LAST_NAME, EMPLOYEE_STREET, EMPLOYEE_CITY, EMPLOYEE_STATE, EMPLOYEE_ZIP, EMPLOYEE_PHONE, EMPLOYEE_SSN, EMPLOYEE_POSITION, EMPLOYEE_SUPERVISOR) VALUES('EM370','Christina','Buckheit','59 Wild Rose Dr','Andover','CA','2876','203-555-2370','247-92-8212','Grape Farmer','Christina Buckheit');
INSERT INTO EMPLOYEE_T (EMPLOYEE_ID, EMPLOYEE_FIRST_NAME, EMPLOYEE_LAST_NAME, EMPLOYEE_STREET, EMPLOYEE_CITY, EMPLOYEE_STATE, EMPLOYEE_ZIP, EMPLOYEE_PHONE, EMPLOYEE_SSN, EMPLOYEE_POSITION, EMPLOYEE_SUPERVISOR) VALUES('EM380','Aaron','Coffin','18 Fuller Rd','Foxboro','CA','2283','203-555-2380','014-89-2834','Grape Farmer','Christina Buckheit');
INSERT INTO EMPLOYEE_T (EMPLOYEE_ID, EMPLOYEE_FIRST_NAME, EMPLOYEE_LAST_NAME, EMPLOYEE_STREET, EMPLOYEE_CITY, EMPLOYEE_STATE, EMPLOYEE_ZIP, EMPLOYEE_PHONE, EMPLOYEE_SSN, EMPLOYEE_POSITION, EMPLOYEE_SUPERVISOR) VALUES('EM390','Dan','Flaherty','803 Haverhill St','Rowley','CA','2643','203-555-2390','007-08-0132','Grape Farmer','Christina Buckheit');
INSERT INTO EMPLOYEE_T (EMPLOYEE_ID, EMPLOYEE_FIRST_NAME, EMPLOYEE_LAST_NAME, EMPLOYEE_STREET, EMPLOYEE_CITY, EMPLOYEE_STATE, EMPLOYEE_ZIP, EMPLOYEE_PHONE, EMPLOYEE_SSN, EMPLOYEE_POSITION, EMPLOYEE_SUPERVISOR) VALUES('EM400','Ryan','Ellis','65 Memorial Dr','Stoughton','CA','2264','203-555-2400','312-32-4827','Grape Farmer','Christina Buckheit');
INSERT INTO EMPLOYEE_T (EMPLOYEE_ID, EMPLOYEE_FIRST_NAME, EMPLOYEE_LAST_NAME, EMPLOYEE_STREET, EMPLOYEE_CITY, EMPLOYEE_STATE, EMPLOYEE_ZIP, EMPLOYEE_PHONE, EMPLOYEE_SSN, EMPLOYEE_POSITION, EMPLOYEE_SUPERVISOR) VALUES('EM410','Peter','Hartzel','63 Hortonville Rd','Swansea','CA','2223','203-555-2410','123-45-7823','Clerk','Peter Hartzel');
INSERT INTO EMPLOYEE_T (EMPLOYEE_ID, EMPLOYEE_FIRST_NAME, EMPLOYEE_LAST_NAME, EMPLOYEE_STREET, EMPLOYEE_CITY, EMPLOYEE_STATE, EMPLOYEE_ZIP, EMPLOYEE_PHONE, EMPLOYEE_SSN, EMPLOYEE_POSITION, EMPLOYEE_SUPERVISOR) VALUES('EM420','Nick','Larkin','57 Granite St','Brockton','CA','2283','203-555-2420','142-12-7823','Clerk','Peter Hartzel');
INSERT INTO EMPLOYEE_T (EMPLOYEE_ID, EMPLOYEE_FIRST_NAME, EMPLOYEE_LAST_NAME, EMPLOYEE_STREET, EMPLOYEE_CITY, EMPLOYEE_STATE, EMPLOYEE_ZIP, EMPLOYEE_PHONE, EMPLOYEE_SSN, EMPLOYEE_POSITION, EMPLOYEE_SUPERVISOR) VALUES('EM430','Thomas','Mackie','59 Village Rd','Oak Bluffs','CA','2637','203-555-2430','189-84-8321','Account Assistant','Thomas Mackie');
INSERT INTO EMPLOYEE_T (EMPLOYEE_ID, EMPLOYEE_FIRST_NAME, EMPLOYEE_LAST_NAME, EMPLOYEE_STREET, EMPLOYEE_CITY, EMPLOYEE_STATE, EMPLOYEE_ZIP, EMPLOYEE_PHONE, EMPLOYEE_SSN, EMPLOYEE_POSITION, EMPLOYEE_SUPERVISOR) VALUES('EM440','Matt','Nagler','22 Turkey Hill Rd','Newburyport','CA','2983','203-555-2440','056-23-4829','Clerk','Peter Hartzel');
INSERT INTO EMPLOYEE_T (EMPLOYEE_ID, EMPLOYEE_FIRST_NAME, EMPLOYEE_LAST_NAME, EMPLOYEE_STREET, EMPLOYEE_CITY, EMPLOYEE_STATE, EMPLOYEE_ZIP, EMPLOYEE_PHONE, EMPLOYEE_SSN, EMPLOYEE_POSITION, EMPLOYEE_SUPERVISOR) VALUES('EM450','Dan','Jacobs','43 Albert Ave','Belmont','CA','2242','203-555-2450','107-53-2345','Account Assistant','Thomas Mackie');
INSERT INTO EMPLOYEE_T (EMPLOYEE_ID, EMPLOYEE_FIRST_NAME, EMPLOYEE_LAST_NAME, EMPLOYEE_STREET, EMPLOYEE_CITY, EMPLOYEE_STATE, EMPLOYEE_ZIP, EMPLOYEE_PHONE, EMPLOYEE_SSN, EMPLOYEE_POSITION, EMPLOYEE_SUPERVISOR) VALUES('EM460','Greq','Quinn','1 Big Tree Ln','Holland','CA','2493','203-555-2460','183-04-3212','Account Assistant','Thomas Mackie');


/* VINEYARD TABLE CREATION*/
CREATE TABLE VINEYARD_T
(
    VINEYARD_ID VARCHAR(10) NOT NULL,
    VINEYARD_NAME VARCHAR(25) NOT NULL,
    VINEYARD_SIZE NUMBER(15,0) DEFAULT 0,
    VINEYARD_LOCATION VARCHAR(15),
    VINEYARD_MANAGER VARCHAR(15),
    CONSTRAINT VINEYARD_T_PK PRIMARY KEY(VINEYARD_ID),
    CONSTRAINT VINEYARD_T_FK FOREIGN KEY (VINEYARD_MANAGER) REFERENCES EMPLOYEE_T(EMPLOYEE_ID)   
);
/*INSERTING DATA INTO VINEYARD TABLE*/
INSERT INTO VINEYARD_T(VINEYARD_ID,VINEYARD_NAME,VINEYARD_SIZE,VINEYARD_LOCATION,VINEYARD_MANAGER) VALUES('01','Hilltop','2.5','Rutherford','EM200');
INSERT INTO VINEYARD_T(VINEYARD_ID,VINEYARD_NAME,VINEYARD_SIZE,VINEYARD_LOCATION,VINEYARD_MANAGER) VALUES('02','Westside','5.7','Rutherford','EM210');
INSERT INTO VINEYARD_T(VINEYARD_ID,VINEYARD_NAME,VINEYARD_SIZE,VINEYARD_LOCATION,VINEYARD_MANAGER) VALUES('03','Northwood','7','St. Helena','EM220');
INSERT INTO VINEYARD_T(VINEYARD_ID,VINEYARD_NAME,VINEYARD_SIZE,VINEYARD_LOCATION,VINEYARD_MANAGER) VALUES('04','Oak Bluffs','18','Oakville','EM230');
INSERT INTO VINEYARD_T(VINEYARD_ID,VINEYARD_NAME,VINEYARD_SIZE,VINEYARD_LOCATION,VINEYARD_MANAGER) VALUES('05','Southbridge','7.4','Oakville','EM360');
INSERT INTO VINEYARD_T(VINEYARD_ID,VINEYARD_NAME,VINEYARD_SIZE,VINEYARD_LOCATION,VINEYARD_MANAGER) VALUES('06','Sleepy Hollow','20.3','St. Helena','EM370');
INSERT INTO VINEYARD_T(VINEYARD_ID,VINEYARD_NAME,VINEYARD_SIZE,VINEYARD_LOCATION,VINEYARD_MANAGER) VALUES('07','Buck Ridge','4.6','Rutherford','EM380');
INSERT INTO VINEYARD_T(VINEYARD_ID,VINEYARD_NAME,VINEYARD_SIZE,VINEYARD_LOCATION,VINEYARD_MANAGER) VALUES('08','Eastside','14.5','St. Helena','EM390');
INSERT INTO VINEYARD_T(VINEYARD_ID,VINEYARD_NAME,VINEYARD_SIZE,VINEYARD_LOCATION,VINEYARD_MANAGER) VALUES('09','Pine Valley','9.9','Rutherford','EM400');
INSERT INTO VINEYARD_T(VINEYARD_ID,VINEYARD_NAME,VINEYARD_SIZE,VINEYARD_LOCATION,VINEYARD_MANAGER) VALUES('10','Moon Canyon','6','Rutherford','EM350');

SELECT * FROM VINEYARD_T;

/* WINE TABLE CREATION*/
CREATE TABLE WINE_T
(
    WINE_ID VARCHAR(10) NOT NULL,
    WINE_NAME VARCHAR(20) NOT NULL,
    WINE_CATEGORY VARCHAR(15),
    WINE_VINTAGE_YEAR NUMBER,
    WINE_ALCOHOL_CONTENT DECIMAL(4,2),
    WINE_TYPE VARCHAR(15) CHECK (WINE_TYPE IN('Single','Mix')),
    WINE_BLEND VARCHAR(60),
    WINE_MAKER_ID VARCHAR(10),
    CONSTRAINT WINE_T_PK PRIMARY KEY(WINE_ID),
    CONSTRAINT WINE_T_FK FOREIGN KEY(WINE_MAKER_ID) REFERENCES EMPLOYEE_T(EMPLOYEE_ID)
);

SELECT * FROM WINE_T;

/*INSERTING DATA INTO WINE TABLE*/
INSERT INTO WINE_T(WINE_ID,WINE_NAME,WINE_CATEGORY,WINE_VINTAGE_YEAR,WINE_ALCOHOL_CONTENT,WINE_TYPE,WINE_BLEND,WINE_MAKER_ID) VALUES('W010','White Zinfandel','Dry',2002,12,'Single','100% Zinfandel','EM130');
INSERT INTO WINE_T(WINE_ID,WINE_NAME,WINE_CATEGORY,WINE_VINTAGE_YEAR,WINE_ALCOHOL_CONTENT,WINE_TYPE,WINE_BLEND,WINE_MAKER_ID) VALUES('W040','Pinot Noir','Red',2001,12,'Single','100% Pinot Noir','EM310');
INSERT INTO WINE_T(WINE_ID,WINE_NAME,WINE_CATEGORY,WINE_VINTAGE_YEAR,WINE_ALCOHOL_CONTENT,WINE_TYPE,WINE_BLEND,WINE_MAKER_ID) VALUES('W060','Shiraz','Red',2001,12,'Mix','75% Pinot Noir, 25% Cabernet Sauvignon','EM120');
INSERT INTO WINE_T(WINE_ID,WINE_NAME,WINE_CATEGORY,WINE_VINTAGE_YEAR,WINE_ALCOHOL_CONTENT,WINE_TYPE,WINE_BLEND,WINE_MAKER_ID) VALUES('W080','Merlot','Red',2001,12,'Mix','90% Merlot, 10% Pinot Noir','EM340');
INSERT INTO WINE_T(WINE_ID,WINE_NAME,WINE_CATEGORY,WINE_VINTAGE_YEAR,WINE_ALCOHOL_CONTENT,WINE_TYPE,WINE_BLEND,WINE_MAKER_ID) VALUES('W100','Cabernet Sauvignon','Red',2001,12,'Single','100% Cabernet Sauvignon','EM320');
INSERT INTO WINE_T(WINE_ID,WINE_NAME,WINE_CATEGORY,WINE_VINTAGE_YEAR,WINE_ALCOHOL_CONTENT,WINE_TYPE,WINE_BLEND,WINE_MAKER_ID) VALUES('W120','Sauvignon Blanc','White',2001,12,'Single','100% Sauvignon Blanc','EM300');
INSERT INTO WINE_T(WINE_ID,WINE_NAME,WINE_CATEGORY,WINE_VINTAGE_YEAR,WINE_ALCOHOL_CONTENT,WINE_TYPE,WINE_BLEND,WINE_MAKER_ID) VALUES('W140','Chardonnay','White',2001,12,'Single','100% Chardonnay','EM330');
INSERT INTO WINE_T(WINE_ID,WINE_NAME,WINE_CATEGORY,WINE_VINTAGE_YEAR,WINE_ALCOHOL_CONTENT,WINE_TYPE,WINE_BLEND,WINE_MAKER_ID) VALUES('W160','Port','Dessert',2001,12,'Mix','85% Merlot, 15% Pinot Noir','EM310');
INSERT INTO WINE_T(WINE_ID,WINE_NAME,WINE_CATEGORY,WINE_VINTAGE_YEAR,WINE_ALCOHOL_CONTENT,WINE_TYPE,WINE_BLEND,WINE_MAKER_ID) VALUES('W180','Pink Zinfandel','White',2002,12,'Mix','85% Zinfandel, 15% Chardonnay','EM130');
INSERT INTO WINE_T(WINE_ID,WINE_NAME,WINE_CATEGORY,WINE_VINTAGE_YEAR,WINE_ALCOHOL_CONTENT,WINE_TYPE,WINE_BLEND,WINE_MAKER_ID) VALUES('W210','Burgundy','Red',2000,12,'Mix','65% Merlot,20% Pinot Noir,15% Cabernet Sauvignon','EM120');

/* GRAPE VARIETY TABLE CREATION*/
CREATE TABLE GRAPE_VARIETY_T
(
    GRAPE_VARIETY_ID VARCHAR(5) NOT NULL,
    GRAPE_VARIETY_DESCRIPTION VARCHAR(20) NOT NULL,
    GRAPE_VARIETY_JCR DECIMAL(4,2),
    GRAPE_STORAGE_REQUIREMENT VARCHAR(20) NOT NULL,
    GRAPE_AGING_REQUIREMENT VARCHAR(20) NOT NULL,
    CONSTRAINT GRAPE_VARIETY_T_PK PRIMARY KEY(GRAPE_VARIETY_ID)
);

/* INSERTING DATA IN GRAPE_VARIETY_T TABLE*/
INSERT INTO GRAPE_VARIETY_T(GRAPE_VARIETY_ID,GRAPE_VARIETY_DESCRIPTION,GRAPE_VARIETY_JCR,GRAPE_STORAGE_REQUIREMENT,GRAPE_AGING_REQUIREMENT) VALUES('1','Cabernet Sauvignon',70,'Oak Barrel','2');
INSERT INTO GRAPE_VARIETY_T(GRAPE_VARIETY_ID,GRAPE_VARIETY_DESCRIPTION,GRAPE_VARIETY_JCR,GRAPE_STORAGE_REQUIREMENT,GRAPE_AGING_REQUIREMENT) VALUES('2','Merlot',75,'Oak Barrel','2');
INSERT INTO GRAPE_VARIETY_T(GRAPE_VARIETY_ID,GRAPE_VARIETY_DESCRIPTION,GRAPE_VARIETY_JCR,GRAPE_STORAGE_REQUIREMENT,GRAPE_AGING_REQUIREMENT) VALUES('3','Zinfandel',85,'Stainless Steel','1');
INSERT INTO GRAPE_VARIETY_T(GRAPE_VARIETY_ID,GRAPE_VARIETY_DESCRIPTION,GRAPE_VARIETY_JCR,GRAPE_STORAGE_REQUIREMENT,GRAPE_AGING_REQUIREMENT) VALUES('4','Pinot Noir',65,'Oak Barrel','2');
INSERT INTO GRAPE_VARIETY_T(GRAPE_VARIETY_ID,GRAPE_VARIETY_DESCRIPTION,GRAPE_VARIETY_JCR,GRAPE_STORAGE_REQUIREMENT,GRAPE_AGING_REQUIREMENT) VALUES('5','Chardonnay',75,'Stainless Steel','1');
INSERT INTO GRAPE_VARIETY_T(GRAPE_VARIETY_ID,GRAPE_VARIETY_DESCRIPTION,GRAPE_VARIETY_JCR,GRAPE_STORAGE_REQUIREMENT,GRAPE_AGING_REQUIREMENT) VALUES('6','Sauvignon Blanc',80,'Stainless Steel','1');

SELECT * FROM GRAPE_VARIETY_T;

/* CREATION OF TABLE HARVEST_T*/
CREATE TABLE HARVEST_T
(
    HARVEST_ID VARCHAR(5) NOT NULL,
    VINEYARD_NAME VARCHAR(25),
    HARVEST_YEAR CHAR(4),
    GRAPE_TYPE VARCHAR(30) NOT NULL,
    HARVEST_QUANTITY DECIMAL(8,2),    
    HARVEST_RIPENESS DECIMAL(4,2),
    GRAPE_FARMER_ID VARCHAR(15) NOT NULL,
    CONSTRAINT HARVEST_T_PK PRIMARY KEY(HARVEST_ID),
    CONSTRAINT HARVEST_T_FK1 FOREIGN KEY(VINEYARD_NAME) REFERENCES VINEYARD_T(VINEYARD_ID)
    /*CONSTRAINT HARVEST_T_FK2 FOREIGN KEY(GRAPE_TYPE) REFERENCES GRAPE_VARIETY_T(GRAPE_VARIETY_ID)*/
);

INSERT INTO HARVEST_T(HARVEST_ID, VINEYARD_NAME, HARVEST_YEAR, GRAPE_TYPE, HARVEST_QUANTITY, HARVEST_RIPENESS, GRAPE_FARMER_ID) VALUES ('1', '07', '2002', 'Cabernet Sauvignon', 4.50, 80, 'EM200');
INSERT INTO HARVEST_T(HARVEST_ID, VINEYARD_NAME, HARVEST_YEAR, GRAPE_TYPE, HARVEST_QUANTITY, HARVEST_RIPENESS, GRAPE_FARMER_ID) VALUES ('2', '07', '2001', 'Cabernet Sauvignon', 5.12, 75, 'EM200');
INSERT INTO HARVEST_T(HARVEST_ID, VINEYARD_NAME, HARVEST_YEAR, GRAPE_TYPE, HARVEST_QUANTITY, HARVEST_RIPENESS, GRAPE_FARMER_ID) VALUES ('3', '07', '2000', 'Zinfandel', 4.56, 90, 'EM200');
INSERT INTO HARVEST_T(HARVEST_ID, VINEYARD_NAME, HARVEST_YEAR, GRAPE_TYPE, HARVEST_QUANTITY, HARVEST_RIPENESS, GRAPE_FARMER_ID) VALUES ('4', '08', '2002', 'Merlot', 14.75, 75, 'EM230');
INSERT INTO HARVEST_T(HARVEST_ID, VINEYARD_NAME, HARVEST_YEAR, GRAPE_TYPE, HARVEST_QUANTITY, HARVEST_RIPENESS, GRAPE_FARMER_ID) VALUES ('5', '08', '2001', 'Merlot', 14.26, 80, 'EM230');
INSERT INTO HARVEST_T(HARVEST_ID, VINEYARD_NAME, HARVEST_YEAR, GRAPE_TYPE, HARVEST_QUANTITY, HARVEST_RIPENESS, GRAPE_FARMER_ID) VALUES ('6', '08', '2000', 'Pinot Noir', 14.44, 80, 'EM230');
INSERT INTO HARVEST_T(HARVEST_ID, VINEYARD_NAME, HARVEST_YEAR, GRAPE_TYPE, HARVEST_QUANTITY, HARVEST_RIPENESS, GRAPE_FARMER_ID) VALUES ('7', '01', '2002', 'Cabernet Sauvignon', 2.56, 75, 'EM370');
INSERT INTO HARVEST_T(HARVEST_ID, VINEYARD_NAME, HARVEST_YEAR, GRAPE_TYPE, HARVEST_QUANTITY, HARVEST_RIPENESS, GRAPE_FARMER_ID) VALUES ('8', '01', '2001', 'Chardonnay', 2.33, 90, 'EM370');
INSERT INTO HARVEST_T(HARVEST_ID, VINEYARD_NAME, HARVEST_YEAR, GRAPE_TYPE, HARVEST_QUANTITY, HARVEST_RIPENESS, GRAPE_FARMER_ID) VALUES ('9', '01', '2000', 'Chardonnay', 2.00, 80, 'EM370');
INSERT INTO HARVEST_T(HARVEST_ID, VINEYARD_NAME, HARVEST_YEAR, GRAPE_TYPE, HARVEST_QUANTITY, HARVEST_RIPENESS, GRAPE_FARMER_ID) VALUES ('10', '10', '2002', 'Pinot Noir', 6.08, 85, 'EM400');
INSERT INTO HARVEST_T(HARVEST_ID, VINEYARD_NAME, HARVEST_YEAR, GRAPE_TYPE, HARVEST_QUANTITY, HARVEST_RIPENESS, GRAPE_FARMER_ID) VALUES ('11', '10', '2001', 'Merlot', 6.10, 70, 'EM400');
INSERT INTO HARVEST_T(HARVEST_ID, VINEYARD_NAME, HARVEST_YEAR, GRAPE_TYPE, HARVEST_QUANTITY, HARVEST_RIPENESS, GRAPE_FARMER_ID) VALUES ('12', '10', '2000', 'Merlot', 6.70, 75, 'EM400');
INSERT INTO HARVEST_T(HARVEST_ID, VINEYARD_NAME, HARVEST_YEAR, GRAPE_TYPE, HARVEST_QUANTITY, HARVEST_RIPENESS, GRAPE_FARMER_ID) VALUES ('13', '05', '2002', 'Merlot', 5.00, 80, 'EM380');
INSERT INTO HARVEST_T(HARVEST_ID, VINEYARD_NAME, HARVEST_YEAR, GRAPE_TYPE, HARVEST_QUANTITY, HARVEST_RIPENESS, GRAPE_FARMER_ID) VALUES ('14', '05', '2001', 'Sauvignon Blanc', 5.66, 86, 'EM380');
INSERT INTO HARVEST_T(HARVEST_ID, VINEYARD_NAME, HARVEST_YEAR, GRAPE_TYPE, HARVEST_QUANTITY, HARVEST_RIPENESS, GRAPE_FARMER_ID) VALUES ('15', '05', '2000', 'Zinfandel', 7.78, 85, 'EM380');
INSERT INTO HARVEST_T(HARVEST_ID, VINEYARD_NAME, HARVEST_YEAR, GRAPE_TYPE, HARVEST_QUANTITY, HARVEST_RIPENESS, GRAPE_FARMER_ID) VALUES ('16', '03', '2002', 'Zinfandel', 2.50, 77, 'EM400');
INSERT INTO HARVEST_T(HARVEST_ID, VINEYARD_NAME, HARVEST_YEAR, GRAPE_TYPE, HARVEST_QUANTITY, HARVEST_RIPENESS, GRAPE_FARMER_ID) VALUES ('17', '03', '2001', 'Zinfandel', 2.34, 60, 'EM400');
INSERT INTO HARVEST_T(HARVEST_ID, VINEYARD_NAME, HARVEST_YEAR, GRAPE_TYPE, HARVEST_QUANTITY, HARVEST_RIPENESS, GRAPE_FARMER_ID) VALUES ('18', '03', '2000', 'Zinfandel', 2.22, 90, 'EM400');
INSERT INTO HARVEST_T(HARVEST_ID, VINEYARD_NAME, HARVEST_YEAR, GRAPE_TYPE, HARVEST_QUANTITY, HARVEST_RIPENESS, GRAPE_FARMER_ID) VALUES ('19', '04', '2002', 'Pinot Noir', 18.56, 75, 'EM400');
INSERT INTO HARVEST_T(HARVEST_ID, VINEYARD_NAME, HARVEST_YEAR, GRAPE_TYPE, HARVEST_QUANTITY, HARVEST_RIPENESS, GRAPE_FARMER_ID) VALUES ('20', '04', '2001', 'Pinot Noir', 18.66, 90, 'EM400');
INSERT INTO HARVEST_T(HARVEST_ID, VINEYARD_NAME, HARVEST_YEAR, GRAPE_TYPE, HARVEST_QUANTITY, HARVEST_RIPENESS, GRAPE_FARMER_ID) VALUES ('21', '04', '2000', 'Pinot Noir', 18.20, 80, 'EM400');
INSERT INTO HARVEST_T(HARVEST_ID, VINEYARD_NAME, HARVEST_YEAR, GRAPE_TYPE, HARVEST_QUANTITY, HARVEST_RIPENESS, GRAPE_FARMER_ID) VALUES ('22', '09', '2002', 'Zinfandel', 9.00, 89, 'EM400');
INSERT INTO HARVEST_T(HARVEST_ID, VINEYARD_NAME, HARVEST_YEAR, GRAPE_TYPE, HARVEST_QUANTITY, HARVEST_RIPENESS, GRAPE_FARMER_ID) VALUES ('23', '09', '2001', 'Cabernet Sauvignon', 9.50, 89, 'EM400');

/*VENDOR TABLE CREATION*/
CREATE TABLE VENDOR_T
(
    VENDOR_ID VARCHAR(5) NOT NULL,
    VENDOR_NAME VARCHAR(30) NOT NULL,
    VENDOR_ADDRESS VARCHAR(50),
    VENDOR_PHONE VARCHAR(20),
    VENDOR_CONTACT VARCHAR(30),
    CONSTRAINT VENDOR_T_PK PRIMARY KEY(VENDOR_ID, VENDOR_NAME)
);

INSERT INTO VENDOR_T(VENDOR_ID,VENDOR_NAME,VENDOR_ADDRESS,VENDOR_PHONE,VENDOR_CONTACT) VALUES('V150', 'Andler Bottle Co', '376 3rd Street, Everett, MA 02149', '203-387-5700', 'Stuart Stevens');
INSERT INTO VENDOR_T(VENDOR_ID,VENDOR_NAME,VENDOR_ADDRESS,VENDOR_PHONE,VENDOR_CONTACT) VALUES('V350', 'Saxco International', '21G Olympia Ave., Austin, TX 41801', '223-938-0985', 'Samantha Adams');
INSERT INTO VENDOR_T(VENDOR_ID,VENDOR_NAME,VENDOR_ADDRESS,VENDOR_PHONE,VENDOR_CONTACT) VALUES('V550', 'Chatham Glass Co.', '752 CAin St, Arlington, MI 02633', '794-945-5547', 'Chip Douglas');


/*BOTTLE TABLE CREATION*/
CREATE TABLE BOTTLE_T
(
    BOTTLE_ID VARCHAR(5) NOT NULL,
    BOTTLE_COLOR VARCHAR(15),
    BOTTLE_SHAPE VARCHAR(15),
    BOTTLE_CAPACITY VARCHAR(10),
    BOTTLE_QUANTITY VARCHAR(10),
    BOTTLE_PRICE NUMBER(5,2),
    CONSTRAINT BOTTLE_T_PK PRIMARY KEY(BOTTLE_ID)
); 

INSERT INTO BOTTLE_T(BOTTLE_ID,BOTTLE_COLOR,BOTTLE_SHAPE,BOTTLE_CAPACITY,BOTTLE_QUANTITY,BOTTLE_PRICE) VALUES('B1', 'Green', 'Bordeaux', '375', '104', 0.65);
INSERT INTO BOTTLE_T(BOTTLE_ID,BOTTLE_COLOR,BOTTLE_SHAPE,BOTTLE_CAPACITY,BOTTLE_QUANTITY,BOTTLE_PRICE) VALUES('B2', 'Green', 'Bordeaux', '750', '57', 1.35);
INSERT INTO BOTTLE_T(BOTTLE_ID,BOTTLE_COLOR,BOTTLE_SHAPE,BOTTLE_CAPACITY,BOTTLE_QUANTITY,BOTTLE_PRICE) VALUES('B3', 'Clear', 'Burgundy', '375', '223', 0.85);
INSERT INTO BOTTLE_T(BOTTLE_ID,BOTTLE_COLOR,BOTTLE_SHAPE,BOTTLE_CAPACITY,BOTTLE_QUANTITY,BOTTLE_PRICE) VALUES('B4', 'Clear', 'Burgundy', '750', '56', 1.25);
INSERT INTO BOTTLE_T(BOTTLE_ID,BOTTLE_COLOR,BOTTLE_SHAPE,BOTTLE_CAPACITY,BOTTLE_QUANTITY,BOTTLE_PRICE) VALUES('B5', 'Green', 'Burgundy', '750', '73', 1.45);

CREATE TABLE BOTTLE_ORDER_T
(
    ORDER_ID VARCHAR(10) NOT NULL,
    ORDER_DATE VARCHAR(15),
    VENDOR_NAME VARCHAR(30),
    DELIVERY_DATE VARCHAR(15),
    BOTTLE_TYPE VARCHAR(30),  
    QUANTITY_ORDERED INTEGER,
    QUANTITY_RECEIVED INTEGER,
    TOTAL_COST DECIMAL(5,2),
    CONSTRAINT BOTTLE_ORDER_T_PK PRIMARY KEY(ORDER_ID),
    CONSTRAINT BOTTLE_ORDER_T_FK FOREIGN KEY(VENDOR_NAME) REFERENCES VENDOR_T(VENDOR_NAME)
);

INSERT INTO BOTTLE_ORDER_T(ORDER_ID, ORDER_DATE, VENDOR_NAME,DELIVERY_DATE, BOTTLE_TYPE, QUANTITY_ORDERED, QUANTITY_RECEIVED, TOTAL_COST) VALUES ('PO10','10/12/2003','Andler Bottle Co','10/22/03','Bordeaux (Green )',600,600, 0.65);
INSERT INTO BOTTLE_ORDER_T(ORDER_ID, ORDER_DATE, VENDOR_NAME,DELIVERY_DATE, BOTTLE_TYPE, QUANTITY_ORDERED, QUANTITY_RECEIVED, TOTAL_COST) VALUES ('PO11','10/12/2003','Andler Bottle Co','10/22/03','Bordeaux (Green )',300,300, 1.35);
INSERT INTO BOTTLE_ORDER_T(ORDER_ID, ORDER_DATE, VENDOR_NAME,DELIVERY_DATE, BOTTLE_TYPE, QUANTITY_ORDERED, QUANTITY_RECEIVED, TOTAL_COST) VALUES ('PO12','10/2/2003','Saxco International','5/11/03','Burgundy (Clear )',600,'',0.85);
INSERT INTO BOTTLE_ORDER_T(ORDER_ID, ORDER_DATE, VENDOR_NAME,DELIVERY_DATE, BOTTLE_TYPE, QUANTITY_ORDERED, QUANTITY_RECEIVED, TOTAL_COST) VALUES ('P013','8/15/2003','Saxco International','','Burgundy (Clear)',300,'',1.25);
INSERT INTO BOTTLE_ORDER_T(ORDER_ID, ORDER_DATE, VENDOR_NAME,DELIVERY_DATE, BOTTLE_TYPE, QUANTITY_ORDERED, QUANTITY_RECEIVED, TOTAL_COST) VALUES ('PO14','6/5/2003','Andler Bottle Co','','Burgundy (Green)',200,'',1.45);
INSERT INTO BOTTLE_ORDER_T(ORDER_ID, ORDER_DATE, VENDOR_NAME,DELIVERY_DATE, BOTTLE_TYPE, QUANTITY_ORDERED, QUANTITY_RECEIVED, TOTAL_COST) VALUES ('PO15','4/15/2003','Chatham Glass Co.','4/25/03','Bordeaux (Green)',200,100,1.35);
INSERT INTO BOTTLE_ORDER_T(ORDER_ID, ORDER_DATE, VENDOR_NAME,DELIVERY_DATE, BOTTLE_TYPE, QUANTITY_ORDERED, QUANTITY_RECEIVED, TOTAL_COST) VALUES ('PO16','3/31/2003','Chatham Glass Co.','4/12/03','Burgundy (Green)',300,300,1.45);
INSERT INTO BOTTLE_ORDER_T(ORDER_ID, ORDER_DATE, VENDOR_NAME,DELIVERY_DATE, BOTTLE_TYPE, QUANTITY_ORDERED, QUANTITY_RECEIVED, TOTAL_COST) VALUES ('PO17', '', '', '3/22/03', 'Burgundy (Clear )', 500, 200, 0.85);

SELECT * FROM BOTTLE_ORDER_T;

CREATE TABLE BOTTLE_SHIPMENT_T
(
    SHIPMENT_ID VARCHAR(5) NOT NULL,
    BOTTLE_ORDER_ID VARCHAR(10) NOT NULL,
    SHIPMENT_STATUS VARCHAR(10) CHECK (SHIPMENT_STATUS IN('PENDING','SHIPPED','DELAYED','DELIVERED','CANCELLED')),
    CONSTRAINT BOTTLE_SHIPMENT_T_PK PRIMARY KEY(SHIPMENT_ID),
    CONSTRAINT BOTTLE_SHIPMENT_T_FK FOREIGN KEY(BOTTLE_ORDER_ID) REFERENCES BOTTLE_ORDER_T(ORDER_ID)
);

INSERT INTO BOTTLE_SHIPMENT_T(SHIPMENT_ID, BOTTLE_ORDER_ID, SHIPMENT_STATUS) VALUES ('S003','PO13','CANCELLED');
INSERT INTO BOTTLE_SHIPMENT_T(SHIPMENT_ID, BOTTLE_ORDER_ID, SHIPMENT_STATUS) VALUES ('S004','PO11','SHIPPED');
INSERT INTO BOTTLE_SHIPMENT_T(SHIPMENT_ID, BOTTLE_ORDER_ID, SHIPMENT_STATUS) VALUES ('S005','PO17','SHIPPED');
INSERT INTO BOTTLE_SHIPMENT_T(SHIPMENT_ID, BOTTLE_ORDER_ID, SHIPMENT_STATUS) VALUES ('S006','PO15','SHIPPED');
INSERT INTO BOTTLE_SHIPMENT_T(SHIPMENT_ID, BOTTLE_ORDER_ID, SHIPMENT_STATUS) VALUES ('S007','PO16','DELIVERED');
INSERT INTO BOTTLE_SHIPMENT_T(SHIPMENT_ID, BOTTLE_ORDER_ID, SHIPMENT_STATUS) VALUES ('S008','PO14','DELIVERED');


CREATE TABLE PRODUCT_T
(
    PRODUCT_ID VARCHAR(5) NOT NULL,
    WINE_NAME VARCHAR(15) NOT NULL,
    BOTTLE_SIZE INTEGER,
    CASE_QUANTITY INTEGER,
    QUANTITY_AVAILABLE INTEGER,
    PRICE_PER_CASE DECIMAL(5,2),
    CONSTRAINT PRODUCT_T_PK PRIMARY KEY(PRODUCT_ID)
);
ALTER TABLE PRODUCT_T
MODIFY WINE_NAME VARCHAR(30);

CREATE TABLE CUSTOMER_T
(
    CUSTOMER_ID VARCHAR(10) NOT NULL,
    CUSTOMER_STREET VARCHAR(40) NOT NULL,
    CUSTOMER_CITY VARCHAR(15) NOT NULL,
    CUSTOMER_STATE VARCHAR(5),
    CUSTOMER_ZIP INTEGER,
    CUSTOMER_PHONE VARCHAR(15),
    CUSTOMER_TYPE VARCHAR(15) CHECK(CUSTOMER_TYPE IN('Individual', 'Business')),
    CONSTRAINT CUSTOMER_T_PK PRIMARY KEY(CUSTOMER_ID)
);

CREATE TABLE INDIVIDUAL_T
(
    CUST_ID VARCHAR(10) NOT NULL,
    FIRST_NAME VARCHAR(20) NOT NULL,
    LAST_NAME VARCHAR(20) NOT NULL,
    CUSTOMER_DOB VARCHAR(15),
    CONSTRAINT INDIVIDUAL_T_PK PRIMARY KEY(FIRST_NAME, LAST_NAME),
    CONSTRAINT INDIVIDUAL_T_FK FOREIGN KEY(CUST_ID) REFERENCES CUSTOMER_T(CUSTOMER_ID)
);

ALTER TABLE INDIVIDUAL_T
MODIFY CUSTOMER_DOB VARCHAR(30);

CREATE TABLE BUSINESS_T
(
    BUSINESS_ID VARCHAR(5) NOT NULL,
    BUSINESS_NAME VARCHAR(30) NOT NULL,
    BUSINESS_TAX_NUMBER VARCHAR(10),
    CONSTRAINT BUSINESS_T_PK PRIMARY KEY(BUSINESS_NAME),
    CONSTRAINT BUSINESS_T_FK FOREIGN KEY(BUSINESS_ID) REFERENCES CUSTOMER_T(CUSTOMER_ID)
);

CREATE TABLE PRODUCT_ORDER_T
(
    PO_ID VARCHAR(5) NOT NULL,
    ORDER_DATE VARCHAR(15),
    PRODUCT_ORDERED VARCHAR(10) NOT NULL,
    PRODUCT_NAME VARCHAR(20),
    CUSTOMER_ID VARCHAR(10) NOT NULL,
    ORDER_QUANTITY INTEGER,
    STATUS VARCHAR(15),
    CONSTRAINT PRODUCT_ORDER_T_PK PRIMARY KEY(PO_ID),
    CONSTRAINT PRODUCT_ORDER_T_FK_PRODUCT FOREIGN KEY(PRODUCT_ORDERED) REFERENCES PRODUCT_T(PRODUCT_ID),
    CONSTRAINT PRODUCT_ORDER_T_FK_CUSTOMER FOREIGN KEY(CUSTOMER_ID) REFERENCES CUSTOMER_T(CUSTOMER_ID)
);
INSERT INTO PRODUCT_ORDER_T(PO_ID,ORDER_DATE,PRODUCT_ORDERED,PRODUCT_NAME,CUSTOMER_ID,ORDER_QUANTITY,STATUS) VALUES('O10','10/6/2003','P140','Chardonnay','CB734',4,'Pending');
INSERT INTO PRODUCT_ORDER_T VALUES ('O10','10/6/2003','P170','Port','CB734',4,'Pending');
INSERT INTO PRODUCT_ORDER_T VALUES ('O10','10/6/2003','P220','Burgundy','CB734',10,'Pending');
INSERT INTO PRODUCT_ORDER_T VALUES ('O11','10/6/2003','P160','Port','CB432',5,'Pending');
INSERT INTO PRODUCT_ORDER_T VALUES ('O11','10/6/2003','P220','Burgundy','CB432',10,'Pending');
INSERT INTO PRODUCT_ORDER_T VALUES ('O12','10/6/2003','P190','Pink Zinfandel','CB329',10,'Pending');
INSERT INTO PRODUCT_ORDER_T VALUES ('O12','10/6/2003','P150','Chardonnay','CB329',5,'Pending');
INSERT INTO PRODUCT_ORDER_T VALUES ('O12','10/6/2003','P40','Pinot Noir','CB329',5,'Pending');
INSERT INTO PRODUCT_ORDER_T VALUES ('O12','10/6/2003','P60','Shiraz','CB329',5,'Pending');
INSERT INTO PRODUCT_ORDER_T VALUES ('O13','10/6/2003','P220','Burgundy','CB111',5,'Pending');
INSERT INTO PRODUCT_ORDER_T VALUES ('O13','10/6/2003','P100','Cabernet Sauvignon','CB111',10,'Pending');
INSERT INTO PRODUCT_ORDER_T VALUES ('O13','10/6/2003','P10','White Zinfandel','CB111',10,'Pending');
INSERT INTO PRODUCT_ORDER_T VALUES ('O14','9/15/2003','P20','White Zinfandel','CB185',8,'Shipped');
INSERT INTO PRODUCT_ORDER_T VALUES ('O14','9/15/2003','P150','Chardonnay','CB185',10,'Shipped');
INSERT INTO PRODUCT_ORDER_T VALUES ('O14','9/15/2003','P80','Merlot','CB185',10,'Shipped');
INSERT INTO PRODUCT_ORDER_T VALUES ('O15','9/8/2003','P50','Pinot Noir','CB668',6,'Shipped');
INSERT INTO PRODUCT_ORDER_T VALUES ('O15','9/8/2003','P70','Shiraz','CB668',10,'Shipped');
INSERT INTO PRODUCT_ORDER_T VALUES ('O15','9/8/2003','P80','Merlot','CB668',10,'Shipped');
INSERT INTO PRODUCT_ORDER_T VALUES ('O15','9/8/2003','P200','Pink Zinfandel','CB668',15,'Shipped');
INSERT INTO PRODUCT_ORDER_T VALUES ('O16','9/23/2003','P55','Pinot Noir','CI140',1,'Shipped');
INSERT INTO PRODUCT_ORDER_T VALUES ('O17','9/30/2003','P60','Shiraz','CI150',1,'Shipped');
INSERT INTO PRODUCT_ORDER_T VALUES ('O18','8/15/2003','P80','Merlot','CI100',2,'Shipped');
INSERT INTO PRODUCT_ORDER_T VALUES ('O19','7/4/2003','P100','Cabernet Sauvignon','CI110',1,'Shipped');
INSERT INTO PRODUCT_ORDER_T VALUES ('O20','8/1/2003','P105','Cabernet Sauvignon','CI120',2,'Shipped');
INSERT INTO PRODUCT_ORDER_T VALUES ('O21','6/3/2003','P70','Shiraz','CI130',1,'Shipped');
INSERT INTO PRODUCT_ORDER_T VALUES ('O22','6/15/2003','P80','Merlot','CI140',1,'Shipped');
INSERT INTO PRODUCT_ORDER_T VALUES ('O23','5/14/2003','P150','Chardonnay','CI150',1,'Shipped');
INSERT INTO PRODUCT_ORDER_T VALUES ('O24','9/15/2003','P160','Port','CI160',1,'Shipped');
INSERT INTO PRODUCT_ORDER_T VALUES ('O25','9/28/2003','P180','Pink Zinfandel','CI170',1,'Shipped');
INSERT INTO PRODUCT_ORDER_T VALUES ('O26','10/1/2003','P40','Pinot Noir','CI180',1,'Pending');
INSERT INTO PRODUCT_ORDER_T VALUES ('O27','10/14/2003','P70','Shiraz','CI190',1,'Pending');
INSERT INTO PRODUCT_ORDER_T VALUES ('O28','10/6/2002','P90','Merlot','CB329',14,'Shipped');
INSERT INTO PRODUCT_ORDER_T VALUES ('O28','10/6/2002','P190','Pink Zinfandel','CB329',10,'Shipped');
INSERT INTO PRODUCT_ORDER_T VALUES ('O28','10/6/2002','P30','White Zinfandel','CB329',10,'Shipped');
INSERT INTO PRODUCT_ORDER_T VALUES ('O29','10/4/2002','P140','Chardonnay','CB135',5,'Shipped');
INSERT INTO PRODUCT_ORDER_T VALUES ('O29','10/4/2002','P220','Burgundy','CB135',10,'Shipped');
INSERT INTO PRODUCT_ORDER_T VALUES ('O29','10/4/2002','P70','Shiraz','CB135',10,'Shipped');
INSERT INTO PRODUCT_ORDER_T VALUES ('O30','9/8/2002','P160','Port','CB668',5,'Shipped');
INSERT INTO PRODUCT_ORDER_T VALUES ('O30','9/8/2002','P50','Pinot Noir','CB668',10,'Shipped');
INSERT INTO PRODUCT_ORDER_T VALUES ('O31','9/4/2002','P200','Pink Zinfandel','CI120',2,'Shipped');
INSERT INTO PRODUCT_ORDER_T VALUES ('O32','10/7/2002','P210','Burgundy','CI130',1,'Shipped');
INSERT INTO PRODUCT_ORDER_T VALUES ('O33','8/7/2002','P10','White Zinfandel','CB734',10,'Shipped');
INSERT INTO PRODUCT_ORDER_T VALUES ('O33','8/7/2002','P60','Shiraz','CB734',10,'Shipped');
INSERT INTO PRODUCT_ORDER_T VALUES ('O33','8/7/2002','P80','Merlot','CB734',10,'Shipped');
INSERT INTO PRODUCT_ORDER_T VALUES ('O34','9/5/2002','P50','Pinot Noir','CB432',10,'Shipped');
INSERT INTO PRODUCT_ORDER_T VALUES ('O34','9/5/2002','P100','Carbernet Sauvignon','CB432',15,'Shipped');
INSERT INTO PRODUCT_ORDER_T VALUES ('O34','9/5/2002','P190','Pink Zinfandel','CB432',10,'Shipped');
INSERT INTO PRODUCT_ORDER_T VALUES ('O35','7/7/2002','P55','Pinot Noir','CB329',10,'Shipped');
INSERT INTO PRODUCT_ORDER_T VALUES ('O35','7/7/2002','P70','Shiraz','CB329',10,'Shipped');
INSERT INTO PRODUCT_ORDER_T VALUES ('O35','7/7/2002','P210','Burgundy','CB329',10,'Shipped');
INSERT INTO PRODUCT_ORDER_T VALUES ('O36','6/8/2002','P70','Shiraz','CB111',5,'Shipped');
INSERT INTO PRODUCT_ORDER_T VALUES ('O36','6/8/2002','P40','Pinot Noir','CB111',5,'Shipped');
INSERT INTO PRODUCT_ORDER_T VALUES ('O36','6/8/2002','P140','Chardonnay','CB111',10,'Shipped');
INSERT INTO PRODUCT_ORDER_T VALUES ('O37','6/9/2002','P80','Merlot','CB135',10,'Shipped');
INSERT INTO PRODUCT_ORDER_T VALUES ('O37','6/9/2002','P210','Burgundy','CB135',10,'Shipped');
INSERT INTO PRODUCT_ORDER_T VALUES ('O37','6/9/2002','P100','Cabernet Saugvignon','CB135',10,'Shipped');
INSERT INTO PRODUCT_ORDER_T VALUES ('O38','6/9/2002','P100','Cabernet Sauvignon','CB668',10,'Shipped');
INSERT INTO PRODUCT_ORDER_T VALUES ('O38','6/9/2002','P70','Shiraz','CB668',10,'Shipped');
INSERT INTO PRODUCT_ORDER_T VALUES ('O38','6/9/2002','P140','Chardonnay','CB668',10,'Shipped');
INSERT INTO PRODUCT_ORDER_T VALUES ('O39','5/8/2002','P115','Cabernet Sauvignon','CI180',1,'Shipped');
INSERT INTO PRODUCT_ORDER_T VALUES ('O40','4/2/2002','P40','Pinot Noir','CI190',1,'Shipped');
INSERT INTO PRODUCT_ORDER_T VALUES ('O41','10/8/2002','P70','Shiraz','CI100',1,'Shipped');
INSERT INTO PRODUCT_ORDER_T VALUES ('O42','11/5/2002','P80','Merlot','CI110',1,'Shipped');
INSERT INTO PRODUCT_ORDER_T VALUES ('O43','11/17/2002','P140','Chardonnay','CI120',1,'Shipped');
INSERT INTO PRODUCT_ORDER_T VALUES ('O44','12/5/2002','P160','Port','CI130',1,'Shipped');
INSERT INTO PRODUCT_ORDER_T VALUES ('O45','9/8/2002','P190','Pink Zinfandel','CI140',1,'Shipped');
INSERT INTO PRODUCT_ORDER_T VALUES ('O46','8/8/2002','P210','Burgundy','CI150',1,'Shipped');
INSERT INTO PRODUCT_ORDER_T VALUES ('O47','7/4/2002','P150','Chardonnay','CI160',1,'Shipped');
INSERT INTO PRODUCT_ORDER_T VALUES ('O48','3/6/2002','P170','Port','CI170',1,'Shipped');
INSERT INTO PRODUCT_ORDER_T VALUES ('O49','2/28/2002','P180','Pink Zinfandel','CI180',1,'Shipped');
INSERT INTO PRODUCT_ORDER_T VALUES ('O50','3/31/2002','P220','Burgundy','CI190',1,'Shipped');

CREATE TABLE PRODUCT_SHIPMENT_T
(
    SHIP_ID INTEGER NOT NULL,
    PRODUCT_ORDER_ID VARCHAR(5) NOT NULL,
    CUSTOMER_ID VARCHAR(5) NOT NULL,
    CONSTRAINT PRODUCT_SHIPMENT_T_PK PRIMARY KEY (SHIP_ID),
    CONSTRAINT PRODUCT_SHIPMENT_T_FK_PRODUCT FOREIGN KEY(PRODUCT_ORDER_ID) REFERENCES PRODUCT_ORDER_T (PO_ID),
    CONSTRAINT PRODUCT_SHIPMENT_T_FK_CUSTOMER FOREIGN KEY (CUSTOMER_ID)REFERENCES CUSTOMER_T(CUSTOMER_ID)
);

/*PHASE 5: CREATION OF VIEWS */

/*VIEW 1*/
CREATE VIEW v1Team2 AS
SELECT 
    V.VINEYARD_NAME AS "Vineyard Name",
    H.GRAPE_TYPE AS "Grape Type",
    H.HARVEST_YEAR AS "Harvest Year"
FROM 
    VINEYARD_T V
JOIN 
    HARVEST_T H ON V.VINEYARD_ID = H.VINEYARD_NAME;
    
/*VIEW 2*/    
CREATE VIEW v2Team2 AS
SELECT 
    E.EMPLOYEE_ID AS "Employee ID",
    E.EMPLOYEE_FIRST_NAME AS "First Name",
    E.EMPLOYEE_LAST_NAME AS "Last Name",
    V.VINEYARD_NAME AS "Managed Vineyard"
FROM 
    EMPLOYEE_T E
JOIN 
    VINEYARD_T V ON E.EMPLOYEE_ID = V.VINEYARD_MANAGER;

/*VIEW 3*/
CREATE VIEW v3Team2 AS
SELECT 
    E.EMPLOYEE_ID AS "Employee ID",
    E.EMPLOYEE_FIRST_NAME AS "First Name",
    V.VINEYARD_NAME AS "Managed Vineyard",
    H.HARVEST_YEAR AS "Harvest Year"
FROM 
    EMPLOYEE_T E
JOIN 
    VINEYARD_T V ON E.EMPLOYEE_ID = V.VINEYARD_MANAGER
JOIN 
    HARVEST_T H ON V.VINEYARD_ID = H.VINEYARD_NAME
WHERE 
    E.EMPLOYEE_POSITION = 'Wine Maker';
    
/*VIEW 4*/
CREATE VIEW v4Team2 AS
SELECT 
    E.EMPLOYEE_ID AS "Employee ID",
    E.EMPLOYEE_FIRST_NAME AS "First Name",
    V.VINEYARD_NAME AS "Managed Vineyard",
    V.VINEYARD_MANAGER AS "Vineyard Manager ID"
FROM 
    EMPLOYEE_T E
FULL OUTER JOIN 
    VINEYARD_T V ON E.EMPLOYEE_ID = V.VINEYARD_MANAGER;
    
/* VIEW 5*/
CREATE VIEW v5Team2 AS
SELECT
    C.CUSTOMER_ID AS "Customer ID",
    COUNT(PO.STATUS) AS "Total Shipped Orders"
FROM
    CUSTOMER_T C
LEFT JOIN
    PRODUCT_ORDER_T PO ON C.CUSTOMER_ID = PO.CUSTOMER_ID
WHERE
    PO.STATUS = 'Shipped'
GROUP BY
    C.CUSTOMER_ID;
    
/* VIEW 6*/
CREATE VIEW v6Team2 AS
SELECT
    W.WINE_NAME AS "Wine Name",
    W.WINE_VINTAGE_YEAR AS "Vintage Year",
    B.BOTTLE_COLOR AS "Bottle Color"
FROM
    WINE_T W
JOIN
    BOTTLE_T B ON W.WINE_ID = B.BOTTLE_ID;
    
/* VIEW 7*/
CREATE VIEW v7Team2 AS
SELECT
    C.CUSTOMER_ID AS "Customer ID",
    CASE
        WHEN I.CUST_ID IS NOT NULL THEN I.FIRST_NAME || ' ' || I.LAST_NAME
        WHEN B.BUSINESS_ID IS NOT NULL THEN B.BUSINESS_NAME
    END AS "Customer Name",
    CASE
        WHEN C.CUSTOMER_ID IS NOT NULL THEN C.CUSTOMER_STREET || ' ' || C.CUSTOMER_CITY || ' ' || C.CUSTOMER_STATE || ' ' || C.CUSTOMER_ZIP
    END AS "Customer Address",
    C.CUSTOMER_PHONE AS "Customer Phone",
    C.CUSTOMER_TYPE AS "Customer Type"
FROM
    CUSTOMER_T C
LEFT JOIN
    INDIVIDUAL_T I ON C.CUSTOMER_ID = I.CUST_ID
LEFT JOIN
    BUSINESS_T B ON C.CUSTOMER_ID = B.BUSINESS_ID;


SELECT * FROM v1Team2;
SELECT * FROM v2Team2;
SELECT * FROM v3Team2;
SELECT * FROM v4Team2;
SELECT * FROM v5Team2;
SELECT * FROM v6Team2;
SELECT * FROM v7Team2;

SELECT 
    EMPLOYEE_ID AS "Employee_ID",
    EMPLOYEE_FIRST_NAME || ' ' || EMPLOYEE_LAST_NAME AS "Emp_name",
    EMPLOYEE_POSITION AS "Emp_position",
    EMPLOYEE_SSN AS "Emp_SSN",
    EMPLOYEE_STREET || ' ' || EMPLOYEE_CITY || ' ' || EMPLOYEE_STATE || ' ' || EMPLOYEE_ZIP AS "Emp_Add",
    EMPLOYEE_PHONE AS "Emp_phone",
    EMPLOYEE_SUPERVISOR AS "Emp_Supervisor"
FROM 
    EMPLOYEE_T;
    
/****/

SELECT
    WINE_NAME,
    WINE_CATEGORY,
    WINE_VINTAGE_YEAR,
    WINE_ALCOHOL_CONTENT
FROM
    WINE_T
WHERE
    WINE_VINTAGE_YEAR >= 2020
ORDER BY
    WINE_VINTAGE_YEAR DESC;

/******/
SELECT
    W.WINE_NAME,
    W.WINE_CATEGORY,
    V.VINEYARD_NAME,
    V.VINEYARD_MANAGER,
    H.HARVEST_YEAR,
    H.VINEYARD_NAME AS HARVEST_VINEYARD,
    H.HARVEST_RIPENESS
FROM
    WINE_T W
JOIN
    VINEYARD_T V ON W.WINE_MAKER_ID = V.VINEYARD_MANAGER
JOIN
    HARVEST_T H ON W.WINE_ID = H.GRAPE_TYPE
ORDER BY
    W.WINE_NAME, H.HARVEST_YEAR DESC;


